2,Aladdin,Film_2.jpg
3,Aquaman,Film_3.jpg
4,Arcane,Film_4.jpg
5,Arctic,Film_5.jpg
6,Avatar,Film_6.jpg
7,Black bag,Film_7.jpg
8,Cars 3,Film_8.jpg
9,Demon slayer,Film_9.jpg
10,Euphoria,Film_10.jpg
11,Kimi ni Todoke,Film_11.jpg
12,Home sweet home rebirth,Film_12.jpg
13,Interstellar,Film_13.jpg
14,It feeds,Film_14.jpg
15,Johnny English strikes again,Film_15.jpg
16,Kingsman the golden circle,Film_16.jpg
17,Kingsman the secret service,Film_17.jpg
18,Lava,Film_18.jpg
19,Lucy,Film_19.jpg
20,Night sky,Film_20.jpg
21,No time to die,Film_21.jpg
22,Puss in boots the last wish,Film_22.jpg
23,Run,Film_23.jpg
24,Searching,Film_24.jpg
25,Silo,Film_25.jpg
26,Spirited away,Film_26.jpg
27,Squid game,Film_27.jpg
28,Star wars,Film_28.jpg
29,Terminator zero,Film_29.jpg
30,the boss baby famly bussiness,Film_30.jpg
31,Ice age,Film_31.jpg
32,The lighthouse,Film_32.jpg
33,The sandman,Film_33.jpg
34,The secret garden,Film_34.jpg
35,The wild robot,Film_35.jpg
36,To catch a killer,Film_36.jpg
37,Trolls,Film_37.jpg
38,Wreck-it ralph,Film_38.jpg
39,Vivo,Film_39.jpg
40,Sword art online,Film_40.jpg
41,Ad astra,Film_41.jpg